{
  "linear_regression": {
    "rmse": 0.6738172773395145,
    "mae": 0.4874393311225851,
    "r2_score": 0.6535205948827303
  },
  "random_forest": {
    "rmse": 0.54487945920707,
    "mae": 0.3674450428443661,
    "r2_score": 0.773434378124957
  },
  "gradient_boosting": {
    "rmse": 0.47493177628702415,
    "mae": 0.31557066711096116,
    "r2_score": 0.8278703856028663
  }
}